route_id,stop_id,EWTMedian
2,8731,354.5862647259713
2,8742,139.75266417800538
4,8743,338.67627766205254
4,8422,146.1048881566324
4,8432,110.10470062909786
4,8442,99.72514748536149
4,8462,105.11714927722274
5,5771,210.0819468330977
5,5772,209.5740724387518
5,5773,251.35979022201198
5,5806,134.9868721556402
5,5701,25.708038522429973
5,5705,368.66733277210255
5,5706,122.90614248787939
5,5707,137.65666675842627
5,6178,104.95574032371722
5,6179,279.68089542960575
5,6209,145.717009975144
5,6253,127.70454849584873
5,5714,131.3749234611276
5,6177,176.63591992105972
10,5059,207.43201055521368
10,5060,157.67283421134633
10,6209,155.99181164325145
10,6253,1641.6660923111058
10,5024,228.24010348815787
10,5025,294.44575939726093
10,5026,167.8070463188066
1,8731,181.3955990797707
1,8721,148.51798048016076
1,8711,823.1525542678821
1,8701,1008.856479046026
1,8691,234.1378377574876
1,8681,1518.4214773070087
1,8671,110.256735783685
1,8661,252.2194237033131
1,8651,56.348535103300335
1,8642,160.9847023983196
1,8652,549.1137213605978
1,8662,54.98687552849404
1,8672,278.6462376524723
1,8682,102.74031122353766
1,8692,52.4741908920211
1,8702,1327.6565925670147
1,8712,74.22760262003445
1,8722,174.74178172957465
1,8732,120.6519721761436
1,8742,129.3063603533761
3,8743,195.67129809969623
3,8422,84.58831066650397
3,8432,99.7220447943456
3,8442,37.54071301774854
3,8462,46.66675784567745
6,5771,232.85384050318314
6,5772,231.7831834288848
6,5773,314.71019485878185
6,5806,123.34172292357687
6,5705,275.16516811247755
6,5706,126.58733895134372
6,5707,292.43292242959996
6,5303,245.74414073376647
6,5355,227.56947573250622
6,5356,234.6965141958928
6,5357,369.38271752195885
6,5359,325.32980312419903
6,5253,289.28871529604356
6,5254,300.9436478917002
6,5258,156.8461281773589
6,3481,161.60234870659914
6,5208,187.80990889562557
6,5210,183.28346015570045
6,5211,229.9581437695059
6,5212,336.239096501884
6,5213,429.58477789113687
6,3480,176.0061806455068
6,5261,152.4818624299176
6,5267,176.70082143583534
6,5352,146.09002997736349
6,5312,210.98519520903076
6,5311,535.7151451758148
6,5205,195.69409346606125
11,5258,152.38170342756624
11,3481,207.8600701850377
11,5208,161.80320164831878
11,5466,123.75211020886854
11,5467,111.43129987982303
11,5475,289.8572140983535
11,5469,176.46449172047087
11,5470,229.65502937158212
11,6314,197.18477787533712
11,5405,166.79604189459116
11,5406,218.35473276173363
11,5404,171.85715266408025
11,5408,238.49606350529834
11,5409,189.1921595190869
11,5418,264.6773937918966
11,5419,280.32770758463187
11,5421,178.44941178028247
11,5422,174.89915008359355
11,5423,131.82526322895845
11,2077,228.40304317651248
11,2086,398.5387003059647
11,5426,155.6172573673493
11,5427,286.6803266742017
11,2014,387.54382590561937
11,2026,271.01764004414366
11,5430,268.28357555680986
11,5452,197.14091570751955
11,5453,546.669814053763
11,5455,470.4871091645129
11,5456,215.19309237929824
11,5468,136.7612441254847
18,1780,388.8411423105888
18,6433,nan
18,6432,nan
18,2247,nan
18,4556,nan
18,5044,111.36327759633448
18,3018,120.46134409163602
18,3017,nan
18,5048,nan
18,2695,nan
18,2250,nan
20,4112,472.68635143517
20,4105,468.5732578274164
20,2519,230.06409593541542
20,4116,nan
20,1112,nan
20,1183,nan
20,4152,nan
20,1303,nan
20,4158,nan
20,4163,nan
20,1732,172.89553624546664
20,1743,731.5307905316969
20,1744,293.03253831862094
20,1334,369.0313953073571
20,1606,269.4507313434391
20,1010,177.3605386388357
20,1747,84.7038013461736
20,1748,572.1146249325544
20,2423,298.4267565753478
20,1115,nan
20,4111,300.0229083012142
20,1179,nan
20,1180,nan
20,2422,nan
20,1710,nan
20,9103,nan
20,1599,nan
20,1328,nan
20,1721,nan
20,1722,nan
20,2849,674.8204606797392
20,2850,nan
21,1743,nan
21,1744,nan
21,1328,nan
21,1721,nan
21,1722,nan
21,1349,nan
21,1016,nan
21,1024,nan
21,1348,nan
21,1350,nan
21,1351,nan
21,6481,nan
21,4228,nan
21,4223,nan
21,1768,nan
21,2801,nan
21,2584,nan
21,2586,nan
21,1775,nan
21,1782,nan
21,5009,nan
21,5011,nan
21,1019,nan
21,1082,nan
21,1056,nan
21,5074,nan
21,5076,nan
21,1766,nan
21,1767,nan
21,2498,nan
21,1755,nan
21,1103,nan
21,4071,nan
21,4261,nan
21,4268,nan
21,6482,nan
22,4351,nan
22,4348,nan
22,4355,nan
22,1455,nan
22,4357,nan
22,4358,nan
22,4310,nan
22,4311,nan
22,1453,nan
22,4313,nan
13,5103,82.60263151777183
13,1064,158.32612665837848
13,1111,252.7436350675536
13,5108,183.85569606672647
13,5109,110.66143937568103
13,5165,251.23726557631824
13,5166,77.48202478116069
13,5010,254.6478894987421
13,2869,93.82355903838068
13,5082,388.375896944325
13,5003,258.53486675222865
23,4111,122.45062820784295
23,1083,nan
23,1030,nan
23,1349,nan
23,1016,nan
23,1024,nan
23,1348,nan
23,1350,nan
23,4213,nan
23,4214,nan
23,1351,nan
23,1197,209.89578449668693
23,1097,215.10764182491894
23,1142,308.4651091379958
23,1105,nan
23,1306,111.28758414458454
23,1119,216.506844851811
23,1096,-200.32649629479502
23,2073,228.01852706245012
23,2081,264.0876347302386
23,1792,185.09374926376685
23,1900,426.31996976646695
23,1793,nan
23,2082,159.1237863000401
23,2072,381.301712123946
23,1198,232.9859307193191
23,1120,194.30012810613263
23,4066,422.4761234401474
23,1307,224.34374624707368
19,1416,nan
19,1403,nan
19,3904,nan
19,3905,nan
19,3956,nan
19,3957,nan
19,1476,nan
19,1160,nan
19,1132,nan
19,1133,nan
19,4556,nan
19,2695,nan
19,2083,nan
19,1419,nan
19,3251,nan
19,6448,nan
19,3961,nan
19,4558,nan
19,4555,nan
19,3450,nan
19,3201,440.4847314937927
19,3199,nan
19,3203,nan
19,3204,nan
19,3279,nan
19,3280,nan
25,5714,111.89488794749845
25,3480,397.12127948087476
25,5261,164.93776172988382
25,5267,166.6157413161798
25,5352,169.49317848164463
25,5312,224.81963960902613
25,5311,419.19759657869196
25,5205,210.17169214575173
25,5468,123.32991485055204
25,6258,165.80938506156951
25,6204,202.3730716690038
25,5762,129.65785698732572
25,6202,118.79752395898247
28,1830,1164.1241856893537
28,6021,nan
28,6055,nan
28,6056,nan
28,2919,400.47456542056267
28,1403,nan
28,1404,nan
28,6449,nan
28,1406,nan
28,1424,nan
28,1140,321.03153777796945
28,1141,295.2458480417075
28,1408,340.67198077220684
28,6476,228.86104189548507
28,1410,392.7064363054101
28,1421,435.0364244780107
28,1412,222.01532959663905
28,1422,588.2823724857309
28,1423,400.13728584334945
28,1415,197.0987191074987
28,1831,309.76465997421184
28,1832,259.63221668101795
28,1451,196.52582807117108
28,1450,284.7339122081265
28,1454,1620.3706202509197
28,1449,397.80345202188676
28,1456,845.8768559682968
28,6477,619.7012018554731
28,1458,406.78665488494414
28,1152,179.68693600872422
28,1153,87.65898631165854
28,1459,nan
28,1460,nan
28,6450,nan
28,1462,nan
29,2301,662.9394224143831
29,2595,866.0874201256594
29,1820,227.71001615949493
29,2296,231.72529591025082
29,6447,301.03666867867014
29,3910,534.9745870395326
29,1522,301.92862446174075
29,3899,224.93122560492318
29,1528,343.36302562605954
29,1552,98.25094076699354
29,1553,252.28289286874679
29,1554,475.03949193326116
29,1379,154.6127865739854
29,1540,303.5340280101174
29,1525,141.03404519474938
29,1526,338.89378684912276
29,1527,219.43887178196348
32,2177,nan
34,6433,288.7462802289244
34,1729,207.14399479327756
34,1233,64.29384618861356
34,1776,450.2461116238598
34,6432,116.30439563078176
34,1983,330.9916368748679
34,1824,-82.40176870520908
34,1706,266.07117536850166
34,1728,207.2323436511322
34,1733,137.54776577645347
34,1712,168.54852912666055
34,1713,87.39323870084972
34,1714,192.1797157830198
34,1715,138.1603836725022
34,1716,192.90064086228367
34,1719,187.12280581942414
34,1731,193.54912357002024
34,2058,nan
34,2725,nan
34,2727,nan
34,2728,427.35721972687435
34,1751,183.8346244985181
34,1757,129.1617570527902
34,1760,254.59468497769603
34,1779,107.26875051402008
34,1762,150.93414462671726
34,1278,-31.083984421071108
34,1764,131.88882146875665
34,1769,111.26927252646335
34,2752,nan
34,2753,nan
34,2009,nan
35,1830,458.35396715145384
35,1846,nan
35,1847,nan
35,1302,nan
35,1840,nan
35,1850,nan
35,1851,nan
35,1852,nan
35,1853,nan
35,1854,nan
35,1802,nan
35,1804,nan
35,1805,nan
35,1806,nan
35,1807,nan
35,6473,nan
35,1809,nan
35,1810,nan
35,1811,nan
35,1812,nan
35,1813,nan
35,1815,nan
35,1816,nan
35,5287,nan
35,1818,nan
35,1819,nan
35,1834,nan
35,1821,nan
35,1822,nan
35,1823,nan
35,1825,nan
35,1826,nan
35,1835,nan
35,1252,nan
35,1828,nan
35,1829,nan
35,1841,nan
35,1856,nan
35,1857,nan
35,5273,nan
35,1859,nan
35,1860,nan
35,1861,nan
35,1862,nan
35,1863,nan
35,1864,nan
35,1865,nan
35,1866,nan
35,6472,nan
35,1868,nan
35,1869,nan
35,1870,nan
35,1873,nan
35,1416,nan
37,2957,nan
37,5810,nan
37,5811,nan
37,1648,nan
37,1649,nan
37,1650,nan
37,1651,nan
37,1943,nan
37,1968,nan
37,1969,nan
37,1251,nan
37,4853,nan
37,1652,nan
37,1736,nan
37,2153,nan
37,2156,nan
37,2157,nan
37,2161,nan
37,2167,nan
37,2168,nan
37,1953,nan
37,1944,nan
37,1938,nan
37,2104,nan
37,1630,nan
37,1739,nan
37,1653,nan
37,1921,nan
37,1942,nan
37,2355,nan
37,1632,nan
37,1633,nan
37,1636,nan
37,5858,nan
37,5859,nan
39,1943,124.94980419267449
39,1968,844.4824876572848
39,1969,420.731247038942
39,1921,269.7760951940547
39,1942,162.61727608846485
39,1903,241.76795485884216
39,1912,148.93296524424466
39,1976,196.1230952105399
39,1977,169.26128381763772
39,1986,327.53206420217913
39,3567,295.429807369748
39,6433,700.9258779000382
39,1729,392.9254062687244
39,1233,92.93247556279078
39,1776,360.2071625105402
39,6432,360.72885067949505
39,3502,1200.0567305773097
39,3503,71.19456735244992
39,1981,195.13314402157357
39,1983,386.09744524094305
39,1124,183.66579763843234
39,1906,177.32445471358196
39,1909,195.17109739589057
39,1910,334.3413471066463
39,3122,215.1708392380327
39,6112,293.59853739749013
39,1980,242.333215827623
39,4076,164.4989043426984
41,5501,364.448961998879
41,5502,194.6156008766612
41,5503,293.3810230107508
41,5504,176.41703866296461
41,5507,359.34144829219395
41,5508,153.76761823551092
41,5555,331.43420437193726
41,5556,193.51932851277118
41,5559,263.85751029687475
41,5560,333.77727369229416
41,5562,220.30321510986536
41,5509,199.6129267300466
41,5510,178.0425880820684
41,5512,288.69012365378364
41,5529,1479.5456733470062
41,5532,748.0952663663551
41,5515,521.7610176198885
41,5516,532.1375972816637
41,5517,326.5601760638128
41,5518,291.271588764164
41,5519,508.80102599332
41,5521,190.43988646138254
41,5522,283.7833781766728
41,5523,431.84052351989476
41,5524,329.2754691959841
41,5525,339.6713954912554
41,5533,1007.9434237405466
41,5530,250.297754239784
41,5551,380.3136752406917
41,5553,190.311630273808
41,5554,175.228491336767
43,1943,nan
43,1968,nan
43,1969,nan
43,1921,nan
43,1942,nan
43,4358,nan
43,4310,nan
43,3549,nan
43,6469,nan
43,2046,283.36625905229903
43,1754,nan
43,6468,nan
43,4407,nan
43,4076,-134.26607991214556
43,2714,nan
43,2715,nan
43,6440,nan
43,2717,nan
43,2718,nan
43,5424,nan
43,5415,nan
43,5416,nan
43,2074,nan
43,2080,nan
43,4401,nan
43,4402,nan
43,4403,nan
43,4408,nan
43,4405,nan
43,1724,250.70706099787614
43,1725,360.90579893099596
43,1752,nan
43,1753,nan
43,4452,nan
43,4449,nan
43,4454,nan
43,4455,nan
43,4456,nan
43,2079,nan
43,2016,nan
43,2018,nan
43,5451,nan
43,5459,nan
43,2759,nan
43,6439,nan
43,2762,nan
43,2763,nan
45,1553,nan
45,1554,nan
45,1540,nan
45,1525,nan
45,2015,409.64571741010514
45,2029,nan
45,2017,nan
45,2025,nan
45,9851,nan
45,2069,nan
45,2027,nan
45,9853,nan
45,2028,nan
45,1383,nan
45,1551,nan
45,2022,nan
45,1043,nan
45,2084,nan
45,2085,nan
45,9876,nan
45,2071,nan
45,2078,nan
45,2087,nan
36,1943,nan
36,1968,nan
36,1969,nan
36,1251,nan
36,2156,nan
36,2157,nan
36,2161,nan
36,2167,nan
36,2168,nan
36,1953,nan
36,1954,nan
36,1944,nan
36,1938,nan
36,2099,nan
36,2112,nan
36,2103,nan
36,2104,nan
36,1250,nan
36,1921,nan
36,1942,nan
36,2355,nan
36,1955,nan
36,1963,nan
36,1959,nan
36,1965,nan
36,1937,nan
36,1931,nan
36,1932,nan
36,1939,nan
36,1935,nan
36,1962,nan
36,1929,nan
36,2165,nan
36,5817,nan
36,1936,nan
36,2166,nan
36,1964,nan
36,2119,nan
36,2120,nan
36,2136,nan
36,2137,nan
36,2140,nan
36,2142,nan
36,2144,nan
36,2145,nan
36,2146,nan
36,4075,nan
40,5501,212.30341121860542
40,5502,153.56122442341288
40,5503,204.6184804987388
40,5504,139.91333415186503
40,5507,411.865397550561
40,5508,195.03068250009005
40,5601,379.70160935676694
40,5602,534.7944935773402
40,5603,245.94702830009382
40,5604,229.07465824940024
40,5605,270.8406956802139
40,9551,218.6740173429428
40,9553,431.0602675544415
40,9552,161.55542192369566
40,9557,275.03338659789245
40,9575,168.29170707854155
40,9577,170.0633726817555
40,9578,262.91224667636
40,5655,188.91349491656925
40,5656,197.05731170681796
40,5657,285.89488395237714
40,5658,576.3084719054344
40,5659,218.50729217042127
40,5555,253.650035421947
40,5556,165.22526723969122
40,5559,198.03912597074478
40,5560,366.6297909693003
40,5562,185.8046357271741
44,1553,212.30334982531738
44,1554,435.98769943783526
44,1540,282.6946339823849
44,1525,103.04764056207848
44,3459,312.7883437511278
44,3460,287.6035237125926
44,1535,447.26985893774236
44,3402,270.63064515452544
44,3403,135.38904641653812
44,1384,150.36041353208782
44,1531,13.29300700268407
44,1320,325.81402742297746
44,1533,89.42769274656048
44,1534,290.09485732420404
44,2900,nan
44,2992,nan
44,9292,558.3162343381695
44,2909,nan
44,2903,nan
44,2910,nan
44,3461,188.06464273007904
44,3463,288.15804207596966
44,1321,197.0049396772977
30,9025,186.65925963798492
30,2269,422.4637494457396
30,2587,246.86124022578247
30,2303,195.32388000158818
30,1894,157.4795105775503
30,1896,1040.8553483601986
30,2209,460.98379134102925
30,2835,112.234153070458
30,2211,539.4567279750107
30,2212,236.84078837285307
30,2213,202.06094226885875
30,2403,290.27196009622025
30,2215,77.38887644115431
30,2216,122.1043120809755
30,2217,-101.51786951150325
30,2218,302.4932926410751
30,6809,330.044656755371
30,2220,175.90482511138862
30,2323,229.1591363036531
30,2373,208.11671662647186
30,2375,214.93028750487744
30,3713,362.04153984800206
30,3712,332.1966108262108
30,3718,553.7557309932166
30,3717,159.10852430043255
30,2476,170.43075772596538
30,1201,103.23768012567947
30,1203,65.38280233361638
30,1487,195.70443738259996
30,3752,266.8919737686918
30,3751,138.53998557533075
30,3756,160.3759998618384
30,3755,134.24868257297172
30,2319,201.92924791240958
30,2518,91.12202406295205
30,2259,153.29586270017748
30,2260,119.99851085290197
30,2262,191.28439075661882
30,2405,201.0899116433179
30,2264,221.7418032794098
30,2267,156.41473819124977
30,2833,235.9057151335684
47,2299,216.1427960735016
47,1967,296.11784188799953
47,2312,145.00995121481955
47,1987,261.66487097100736
47,2314,189.6631800042535
47,2315,462.27538106837983
47,2316,598.1650541311425
47,2317,220.16525757061572
47,9608,nan
47,9607,nan
47,9631,nan
47,9626,nan
47,9627,nan
47,9783,nan
47,1143,nan
47,1121,nan
47,9786,nan
47,9787,nan
47,9707,nan
47,9605,nan
47,9606,nan
47,9632,nan
47,9634,nan
47,2358,684.9366833774237
47,2359,399.8159981896197
47,2360,279.353522585247
47,2361,180.27528937184798
47,2363,220.52512718824383
47,1974,201.98479029765835
47,2841,nan
48,2539,337.1875369189862
48,2671,139.6038092057463
48,2934,194.24787851455253
48,2456,238.3888653665433
48,2957,153.34486634713332
48,3630,269.93494469927157
48,1781,527.5717969684927
48,5810,425.5786469798884
48,5811,209.98341283557795
48,5858,585.4208853985608
48,5859,146.16782611444
48,1063,245.07982255774505
48,1167,152.69394323373575
48,1168,230.52895149053236
48,1169,169.39580759250165
48,1125,164.18414759619313
48,1126,252.81442962169515
48,1127,514.9859241858665
48,2467,319.33292634043937
48,2414,433.4744540901959
48,2415,164.62993532833252
48,2407,183.4053725746912
48,2408,346.6237993740596
48,2410,247.01467442664332
48,2412,221.1992080848996
48,2633,292.61457933010325
48,2306,250.6558655501275
48,2634,161.95662310388929
48,2455,314.8591454151431
48,2457,189.04398458602154
48,2459,321.6291050792075
48,2460,221.39166235921948
48,2767,477.0803232620462
48,2773,222.80215580055133
48,2775,482.31181315776877
48,2778,43.27642090093781
48,2744,189.16528215486147
48,2737,397.51967673373485
48,2733,271.85002138223166
48,2780,260.2356533720091
48,2777,373.9825369036683
48,2774,167.52041674506827
48,2772,208.6373075541046
49,2531,158.82104849743038
49,2539,214.04148978909066
49,2544,397.4764210314042
49,2548,867.2938685244468
49,2553,222.4948816191576
49,2546,229.67490777781646
49,2524,222.37384565100982
49,5159,507.3600857434846
49,5757,388.1620682798279
49,2672,540.0424300171179
49,2670,261.45281822537083
49,2671,253.50157529194937
49,2551,466.3255902463474
49,2556,395.1271792689779
49,3681,177.78956585823076
49,2550,448.13278865284724
49,2323,292.68805456414424
49,1207,218.53170599624568
49,1257,318.3904885566269
49,2536,200.42980410477276
49,1286,703.4625824249056
49,1288,232.6191761530629
49,1184,338.9097482754618
49,1182,205.00971906376085
49,1197,214.50021151791717
49,2511,455.52923663741495
49,2512,276.79010960090585
49,2513,197.4284104639942
49,2514,192.00182794921773
49,2522,180.6975466455585
49,2532,293.21129250968175
49,2533,442.2884987719674
49,2534,293.70626941328425
49,3709,188.5389529085077
49,2225,348.4373247420355
49,2226,304.15681571870255
49,3682,324.407240557751
49,2523,283.78347936993697
49,2252,228.9090997928322
49,2254,207.25618611329946
49,2560,206.43152659580895
49,2561,255.271985387713
49,2579,170.0352216547596
49,2564,162.90064657786294
49,2565,204.62369803524658
49,2567,411.106062609929
49,2568,381.9401668548541
49,1097,223.30713198688412
49,1098,326.5470886250536
49,1172,222.59547172365987
50,2531,nan
50,2539,nan
50,2544,nan
50,2548,nan
50,2553,nan
50,2546,nan
50,2555,nan
50,1015,nan
50,5915,nan
50,5719,nan
50,5720,nan
50,2608,nan
50,5721,nan
50,2664,nan
50,2609,nan
50,2611,nan
50,9651,nan
50,9652,nan
50,9660,nan
50,9654,nan
50,9656,nan
50,9657,nan
50,9658,478.8177097196117
50,9659,nan
50,9677,nan
50,9678,nan
50,9679,nan
50,9680,nan
50,9685,nan
50,9682,nan
50,9683,nan
50,2659,nan
50,2661,nan
50,2663,nan
50,2669,nan
50,2665,nan
50,5152,nan
50,5161,nan
50,1085,nan
50,2524,nan
50,5159,nan
50,5757,nan
50,2672,nan
50,2670,nan
50,2671,nan
15,5059,503.07854836891175
15,5060,200.50985950984978
15,6209,235.96516054359583
15,6253,363.0666383785767
15,5024,303.255948351597
15,5025,314.7168115879545
15,5026,212.87476850870857
15,5010,533.0820669171331
15,2869,238.25621262461266
15,5006,247.56369994643802
15,5077,254.79006277314173
15,5079,776.8277161548282
15,5080,289.0392478814436
15,5824,498.44661982043226
15,5860,297.46192288598064
15,6601,322.9979435014156
15,5825,280.44084681757903
15,5826,571.3405364140623
15,5823,222.04240296368877
15,6657,359.3070096992106
15,1290,225.0524747147165
15,5402,362.91872378808335
15,5403,172.28392109054084
15,5471,456.01069398016125
15,5472,285.2560712632489
15,6607,245.53460325958974
15,5071,282.37166253244607
15,5072,314.01373975920535
15,5089,237.18599914426022
15,5015,231.49402639537078
15,5014,433.5032257697668
15,6651,515.712928000241
52,2648,865.9325764207706
52,1204,189.71529146147287
52,1205,437.39168617278057
52,1206,113.12202058032118
52,2536,241.0543445147454
52,1259,374.0993026152881
52,1260,261.0630222138148
52,1775,199.1753100642834
52,1767,143.73760556153337
52,2511,230.98466687051376
52,2512,241.64907513161018
52,2513,186.4618776727291
52,2514,135.06636578054824
52,2522,221.94587370413097
52,2564,213.4532803702897
52,2565,173.1582923215332
52,2567,257.0207094034443
52,2568,305.58597793903095
52,2312,216.9987778794811
52,2352,194.56217776069
52,2363,264.31039275005736
52,2647,598.985270490786
52,2569,200.20419125986518
52,2570,216.55904008727134
52,2571,464.3939641188215
52,2572,646.93965230877
52,2575,152.80327694945666
52,2576,187.6898930724248
52,2809,141.1240619068236
52,2810,266.6495891275963
52,2811,297.3290027100725
52,2824,330.7145989181605
52,2813,157.1612176931847
52,2814,313.13940672867943
52,2816,288.22577959239766
52,2817,220.8552172557699
52,2819,308.2416952961936
52,1989,193.90449501613725
52,2365,329.9552085593457
52,2827,285.1955917744076
52,2852,211.51926391838734
52,2853,407.0169930414593
52,2854,122.8891687015753
52,2855,183.1865217467028
52,2875,261.9053980762428
52,2861,307.09568165200983
52,2860,285.07388997594444
52,2545,230.80298406477806
52,2503,227.5161903439716
52,2504,284.0027023743446
52,2507,210.3205818206033
52,2508,183.93225038105368
52,2509,396.92471302722765
52,2510,220.1205767104205
52,2766,99.02794962403365
53,1015,143.0899670276217
53,5915,209.4241109902671
53,5719,183.90249301974117
53,5152,2100.6780968926614
53,5161,235.17908626460482
53,1085,509.99516300646235
53,1780,372.12251806641325
53,1734,163.74425078294655
53,3506,148.918590727067
53,2928,120.16834766899363
53,2929,113.43201533262815
53,2972,172.4015092584877
53,2931,251.562041228928
53,2932,150.24247136363576
53,2950,-16.60920514331943
53,2934,152.71644527516122
53,2935,299.39994948232817
53,2936,329.731436739263
53,1072,-66.77787513879596
53,2456,379.7683165533552
53,2955,282.62362973765505
53,2951,432.6105259070759
53,2957,194.1330526447207
53,2965,290.85869170675267
53,2959,131.55416807809166
53,2960,133.92628334473662
53,2971,165.10754271073256
53,2962,248.95331128118914
53,2963,399.4951916495145
53,2948,1056.6641920942607
26,5714,153.82863847250013
26,5762,142.0272379496111
26,5766,130.92665825402634
26,2902,203.87040670907263
26,5872,117.64422177843288
26,5802,168.53279998733024
26,5805,138.6063005319806
26,5865,300.0347294114681
26,5866,168.80100205704719
26,5868,65.38936473870292
26,5801,233.56726004638327
26,2901,94.29993228813292
26,5039,286.93940936391976
54,6461,nan
54,5740,nan
54,2898,nan
54,6459,nan
54,2920,nan
54,1273,nan
54,2068,nan
54,9291,nan
54,6191,nan
54,6190,nan
54,9296,nan
54,2083,nan
54,2051,nan
54,3451,nan
54,3412,nan
54,3414,nan
54,2067,nan
54,6082,nan
54,2100,nan
54,2102,nan
54,2101,nan
54,2299,nan
54,1967,nan
54,1987,nan
54,2352,nan
54,1974,nan
54,2367,nan
54,1827,nan
54,1837,nan
54,1838,nan
54,1839,nan
54,1989,nan
54,2365,nan
54,2827,nan
54,2106,nan
54,2098,nan
54,6370,nan
54,2095,nan
54,2093,nan
54,1992,nan
54,2379,nan
54,1991,nan
54,2092,nan
54,2094,nan
54,2377,nan
54,2096,nan
54,2097,nan
54,2105,nan
54,2766,nan
55,2370,nan
55,1349,nan
55,1016,nan
55,1024,nan
55,1082,nan
55,2315,nan
55,2316,nan
55,2317,nan
55,2358,nan
55,2359,nan
55,2360,nan
55,1827,nan
55,1837,nan
55,3003,nan
55,1089,nan
55,3005,nan
55,3014,nan
55,3007,nan
55,3008,nan
55,2376,nan
55,2325,nan
55,2326,nan
55,2308,nan
55,3058,nan
55,3059,nan
55,2327,nan
55,3061,nan
55,1090,nan
55,3063,nan
55,1838,nan
55,1839,nan
55,2870,nan
55,2868,nan
56,9751,443.61200314570794
56,9753,nan
56,9755,nan
56,9756,nan
56,5906,nan
56,5908,nan
56,5910,nan
56,5913,nan
56,5761,nan
56,6461,nan
56,5740,nan
56,5741,nan
56,6123,nan
56,2089,nan
56,2207,nan
56,9025,nan
56,1083,nan
56,1904,nan
56,2831,557.560103224511
56,2269,nan
56,2587,nan
56,1030,nan
56,2271,nan
56,2088,nan
56,2237,nan
56,2238,nan
56,2239,nan
56,2898,nan
56,6459,nan
56,5760,nan
56,5965,nan
56,5959,nan
56,5961,nan
56,5967,nan
56,5968,nan
56,9776,nan
56,9777,nan
56,9778,nan
56,9779,nan
56,9780,nan
57,6461,176.11738779504222
57,5740,212.45867691712277
57,6459,152.92367342948285
57,3508,285.3412451644799
57,3921,302.98284749789127
57,3160,369.9852499688137
57,6017,204.0335618747707
57,3176,292.5633364599676
57,1476,159.42736363675562
57,5298,238.10598334114218
57,3126,250.15332979197038
57,3101,290.25660100434374
57,3102,1322.7044713058754
57,3103,366.4992116694803
57,3104,542.6533835740886
57,3098,267.8923287227827
57,3099,129.71201313089713
57,3106,148.27719873483477
57,3109,236.65742112888748
57,3110,290.8772216340434
57,3113,1482.7564455803515
57,3114,1777.619669321277
57,3118,206.0886137108745
57,3100,184.12416813269232
57,6465,294.96758043445544
57,3117,814.6598363265219
57,3120,294.48107680390814
57,3121,142.39920981446375
57,3131,511.80347544626466
57,3125,285.32402335366027
57,6158,382.4857821719545
57,3155,316.0612044129221
57,3156,228.94121502123562
57,6464,464.85124499730887
57,3166,165.59461917615388
57,3167,189.36511410967137
57,3168,184.2603262674669
57,3177,312.66143331315845
57,3180,267.2008530965229
57,3181,354.4862245277794
57,3172,372.38053995815574
57,3173,564.1128679972486
57,3174,313.97815558462275
57,5299,157.81658063915694
57,2051,334.26479907964375
57,3451,1122.4699163331165
57,3412,748.1851486098622
57,2891,787.4586780695621
58,1251,nan
58,4853,nan
58,1652,437.90267821445656
58,1736,423.75153039984644
58,1739,213.51547413966028
58,1653,182.23179414998134
58,1250,nan
58,1903,nan
58,1912,nan
58,4705,nan
58,6408,nan
58,2122,nan
58,2123,nan
58,2124,nan
58,2125,nan
58,2131,nan
58,2132,nan
58,2133,nan
58,2134,nan
58,6406,nan
58,6453,nan
58,1976,nan
58,1977,nan
58,1986,nan
58,1416,461.85730128555383
58,1425,nan
58,2920,nan
58,1273,nan
58,3921,nan
58,1880,nan
58,1881,nan
58,1910,nan
58,3122,nan
58,1737,934.417977125667
58,2769,548.5899978382738
58,2770,493.9564596042953
58,2771,789.914966285214
58,1949,336.34418574608605
58,2701,375.88238140730095
58,1929,150.55173010875822
58,2702,1442.4027188439604
58,2703,286.89583489514183
58,2704,503.4993558886238
58,2705,1409.9372351231304
58,1738,437.5780587665191
58,6112,nan
58,1980,nan
58,1884,nan
58,1883,nan
58,3160,nan
58,2846,nan
58,2847,nan
59,1904,nan
59,1900,467.34842798611726
59,1901,nan
59,6435,nan
59,6017,nan
59,6018,nan
59,6019,nan
59,6020,nan
59,9291,nan
59,6191,nan
59,6021,nan
59,6023,nan
59,6024,nan
59,1136,nan
59,2289,825.5432933396248
59,2287,nan
59,1156,nan
59,6053,nan
59,6055,nan
59,6056,nan
59,6190,nan
59,9296,nan
59,6058,nan
59,6059,nan
59,6060,nan
59,6436,nan
59,1988,nan
59,2283,nan
9,5042,nan
9,6258,nan
9,6204,nan
9,5039,nan
9,3321,nan
9,3317,nan
60,2920,442.5719741629293
60,1273,319.6113566133434
60,1403,292.91214766225727
60,3401,271.63438273317075
60,3274,567.9192249859738
60,3285,357.8435164904629
60,2247,228.64798354078673
60,2250,200.88832270659017
60,1419,321.0855114259817
60,3251,724.1683622020045
60,3702,220.06066927046913
60,3240,216.87550289804668
60,3704,243.5185406857666
60,3705,170.48814437756099
60,5308,157.17553231728775
60,3217,286.8889819055932
60,3218,429.63595852288057
60,1510,169.9569074753432
60,3266,379.0841919982429
60,3761,692.5957510095328
60,3762,274.5212815533939
60,3763,292.0595103027505
60,3766,256.7146964577478
60,3765,484.64938579824695
62,6433,449.44430035444367
62,1729,202.07240552814696
62,1776,394.84935109119783
62,6432,236.33553375777151
62,2920,177.01581414881719
62,1273,140.80381226635782
62,6191,228.06403680340858
62,6190,153.06935986021696
62,3176,474.38515487992754
62,1160,251.45566142134157
62,1132,194.08604650484457
62,5298,239.80423586421054
62,3126,239.7584656753469
62,6465,301.35836363079926
62,6464,582.0349236202418
62,5299,237.54611644475617
62,2975,199.75016480132078
62,2976,375.67328773603464
62,2977,285.6899929077518
62,2990,209.83534468870485
62,2997,146.1996602837766
62,2980,400.93109800571165
62,2996,127.34719363409029
62,2926,216.41600703333643
62,2915,439.18765051701934
62,2916,197.35758226403945
62,2917,101.67619679920847
62,2900,641.567731103556
62,2992,486.37108646933166
62,2909,284.96596682573994
62,2903,330.8735707533779
62,2910,148.84338724940594
62,1654,49.44826842241082
62,2927,423.05644351653444
62,6082,242.46550954256665
62,2974,198.11313878833312
62,2995,140.40859290150988
62,2912,237.8797110634774
62,2918,nan
63,6435,129.16547460006888
63,2988,145.40949019835702
63,2908,273.28005508903476
63,3176,245.56556848097378
63,5362,124.52749472863303
63,5361,172.6344316229711
63,1283,169.06673106161514
63,2987,212.13586756992444
63,5048,623.6372794823174
63,2975,130.65650198170263
63,2976,197.16644713468062
63,2977,263.85796985685965
63,2990,183.75554463466605
63,2997,189.08919921590515
63,2980,209.33995649479476
63,3362,291.4400332761163
63,2991,90.44603274371366
63,9727,1149.8253055690875
63,9728,266.2185692508688
63,9701,74.83165063183073
63,3042,135.7327907471084
63,9702,197.27200959000072
63,2899,165.7477133856276
63,2905,139.85948193291654
63,3304,266.04468243462577
63,3305,374.38515547463953
63,3307,193.1382995371407
63,2996,180.21048010570428
63,2926,376.76399851864767
63,2915,519.5530173723824
63,2916,231.9930896891849
63,2917,152.16022284187093
63,3299,88.92246769242631
63,2051,270.8791079683291
63,3451,447.819275812241
63,3412,353.54790758480044
63,3414,284.48178249460955
63,2067,106.34766937300193
63,6359,525.5894928208282
63,6410,260.69945698325904
63,2796,122.10944318904549
63,2839,287.0629684304082
63,2100,402.99667272143563
63,2102,220.62076260409478
63,2101,187.82989269838836
63,2792,156.7065499566708
63,2795,196.55765746447761
63,6411,422.2593345501897
63,5735,412.4826994344661
63,6438,165.4413045583299
63,6308,209.91823438129958
63,2888,191.63425844735423
64,6435,212.051457414101
64,3272,360.51549610612506
64,3273,286.6545768627061
64,3274,587.5897474290964
64,3285,245.47650382259405
64,3450,121.59838209484002
64,2345,145.30985171640523
64,2346,305.96569421842685
64,2174,214.29739075218504
64,3449,210.96463966119885
64,3470,289.0270753576892
64,3459,204.62079424815437
64,3460,381.9757920996635
64,3284,95.93143116163847
64,3661,175.07300546563667
64,1535,470.886404642656
64,3402,227.57257225249307
64,3403,198.3378419265224
64,3417,143.7733569366217
64,3419,699.8247829941453
64,3411,130.14785555019648
64,2173,214.24335090386373
64,3408,574.2388284264958
64,3409,326.78444357971813
64,3410,223.84388059401252
64,6359,289.7330889718485
64,6410,151.25833812502862
64,2796,107.38228716966202
64,2839,119.61622952258992
64,2100,258.2296668088134
64,2102,161.7050116633677
64,2101,148.051869941595
64,2792,244.3173184726123
64,2795,319.5247519303456
64,6411,652.3132985404276
64,5735,647.1025485291997
64,6438,196.88454000421083
64,6308,168.84293549005474
17,3176,nan
17,5362,nan
17,5045,nan
17,5046,nan
17,5361,nan
17,9311,4066.655932486465
17,3126,nan
17,3101,nan
17,3102,nan
17,3103,nan
17,3104,nan
17,3177,nan
17,3172,nan
17,3173,nan
17,3174,nan
17,3107,5023.435692335444
17,3171,nan
17,3105,nan
38,2957,nan
38,5058,nan
38,5810,nan
38,5811,nan
38,1649,nan
38,1650,nan
38,2168,nan
38,1953,nan
38,1954,nan
38,1944,nan
38,2355,nan
38,1632,nan
38,5858,nan
38,5859,nan
38,1955,nan
38,1963,nan
38,1959,nan
38,1965,nan
38,1937,nan
38,1931,nan
38,1932,nan
38,1939,nan
38,1935,nan
38,2657,nan
38,5813,nan
38,2658,nan
38,1962,nan
38,1929,nan
38,2165,nan
38,5817,nan
38,1936,nan
38,2166,nan
38,1964,nan
65,1734,135.72229277311692
65,3506,136.9676835472278
65,2928,137.76131044444952
65,2963,162.56594530574097
65,2948,136.3709260252872
65,2301,276.3740085827415
65,2595,1135.1419279042002
65,2296,135.51220792371825
65,5611,134.65057141125516
65,5612,186.28302420063437
65,3567,188.40631126983538
65,3521,130.69202100867034
65,3556,123.11000585935315
65,3557,217.16860021112046
65,3558,135.1838122831702
65,3559,287.2667412091114
65,3525,142.53159854403583
65,2351,152.46378354587983
65,3570,148.80748559123722
65,3572,298.74227473413566
65,6447,142.7862408602786
65,2596,233.35613990314496
65,6444,124.92395257776613
65,3502,429.52924448335233
65,3503,86.47821867277204
65,3508,93.59513475705477
65,3517,205.2844926280456
65,2397,158.03506260678807
65,5407,96.06839450740931
65,3514,170.11646302407397
65,3515,327.99081501865544
51,2555,nan
51,1015,nan
51,5915,nan
51,5719,nan
51,5152,nan
51,5161,nan
51,1085,nan
51,2551,nan
51,2556,nan
51,3681,nan
51,2550,nan
51,2225,nan
51,2226,nan
51,3682,nan
51,2523,nan
51,2252,nan
51,2417,-81.54820099074166
51,2452,nan
51,2453,nan
51,2632,nan
51,2617,nan
51,2618,nan
51,2619,nan
51,2620,nan
51,2621,nan
51,2622,nan
51,2623,nan
51,2624,nan
51,2625,nan
51,3046,nan
51,3074,279.2907093930115
51,2598,nan
51,2614,nan
51,2599,nan
51,2600,nan
51,2601,nan
51,2602,nan
51,2605,nan
51,2606,nan
51,2607,nan
51,2612,nan
51,2631,nan
51,2414,nan
51,2415,nan
51,2416,nan
68,2375,nan
68,1487,nan
68,2319,nan
68,2648,nan
68,1204,nan
68,1260,nan
68,1489,nan
68,1490,nan
68,1492,nan
68,1493,nan
68,1483,nan
68,2383,nan
68,1479,nan
68,1498,nan
68,1480,nan
68,1495,nan
68,1482,nan
68,1484,nan
68,1018,nan
68,1478,nan
69,1629,417.39483479264373
69,1631,nan
69,1659,nan
69,2425,nan
69,1673,nan
70,7501,nan
71,3810,nan
71,3814,nan
71,3815,nan
71,3851,nan
71,3856,nan
71,3850,583.6810913377641
71,3860,nan
71,3859,nan
71,1665,nan
71,3858,nan
71,3852,nan
71,2528,nan
71,2541,nan
71,1664,nan
71,3800,nan
71,3802,nan
71,3805,nan
71,1666,nan
71,3808,nan
71,3812,nan
71,3853,nan
72,6055,nan
72,1403,nan
72,1404,nan
72,6450,nan
72,1462,nan
72,3904,nan
72,3905,nan
72,3956,nan
72,3957,nan
72,3958,nan
72,3959,nan
72,3962,nan
72,3920,nan
72,3902,nan
72,3903,nan
72,2083,nan
72,1419,nan
72,6448,nan
72,1531,nan
72,1320,nan
72,1533,nan
72,3463,nan
72,1321,nan
72,9853,nan
72,2028,nan
72,1551,nan
72,2022,nan
72,1043,nan
72,1339,229.59093283731056
72,2041,nan
72,2042,nan
72,2043,nan
72,2037,nan
72,2038,nan
72,2039,nan
61,6433,506.9784430101931
61,1729,318.50671490968887
61,1233,134.91704593639034
61,1776,665.0696601320737
61,6432,236.27821066225403
61,1983,1516.2572197950378
61,3921,204.29602754124937
61,3160,352.96974884246686
61,1136,117.33291677708215
61,2287,158.43162993597667
61,1156,137.1071442883084
61,2283,417.61663665477664
61,1140,163.21402898598956
61,1141,267.0446857850525
61,1152,253.78465317215995
61,1153,215.6206476238536
61,1154,149.96957367068424
61,1139,207.49594767125444
61,1824,196.14742659889788
61,1706,225.5815375710508
61,1728,180.92814807274155
61,1769,212.09188658750838
61,9946,2199.882009141488
61,2895,411.54200284312475
61,2988,45.39213657226432
61,2908,163.2611789319265
61,3176,160.5363726770065
61,5362,141.05124657058857
61,5045,197.34090788900727
61,3207,196.4874278882477
61,3200,383.52808727912867
61,3401,349.0418126210924
61,3898,186.28596369432603
61,3904,263.77825237448246
61,3905,65.60213808167899
61,3906,53.55864049249155
61,3908,257.32710088707336
61,1159,302.8782346125339
61,3912,174.13798307455747
61,3953,214.2635367701929
61,1135,183.8107643866027
61,1113,278.82985497320755
61,3954,174.53360937548513
61,3952,322.43865431540894
61,3956,342.2971564318626
61,3957,219.40284216548758
61,3272,529.5105839220806
61,3273,187.59541316924938
61,3274,677.256929142992
61,3285,234.16074184801468
61,3276,388.33306447337276
61,5046,289.6160136984419
61,5361,784.0342444884922
61,1283,294.7024839005871
61,2987,257.78096989934147
42,3123,365.27299250684877
42,6008,333.8313472217659
42,6117,242.3346107168507
42,1042,828.1181806310142
42,6153,402.950728640219
42,6009,254.2277398947337
42,6099,335.30582034939516
42,6106,243.99783741984257
42,6109,273.2426315954494
42,6120,274.9539420643092
42,6068,248.89711748454724
42,6810,509.9134271411835
42,6811,316.09555719714115
42,3608,752.7269347387756
42,6857,317.77454993781214
42,6162,333.53151606696247
42,6078,356.3134422156746
42,6165,415.6360787343147
42,6166,229.95418996459836
42,6175,228.9905195731739
42,6856,234.54476467023443
46,3231,575.6170396841342
46,3232,473.0160668738846
46,3233,290.95600138965017
46,3238,1000.8794234565964
46,3252,2183.200708305989
46,3281,411.28067080814327
46,3282,324.1543040886085
46,3225,372.7538640033865
46,3230,232.7182126935307
46,3234,353.6488329272491
46,1145,nan
46,3253,591.9542297095365
46,3257,448.27839802026017
46,4267,355.36405791449016
46,4271,991.4609745203751
46,4217,300.62078250491845
46,2370,205.43030460644408
46,2558,315.3317352211626
46,1348,696.3026005201057
46,1350,160.49147977597644
46,4213,314.81955645372307
46,4214,537.2096136687248
46,6702,276.4998185798232
46,6706,351.24185531117416
46,4594,685.067128169494
46,4595,177.46983385153862
46,1242,285.1243533625884
46,6754,299.7656497446204
46,6755,239.98986699533182
46,4253,119.08393383525643
46,1351,471.6353169388435
46,3231,575.6170396841342
46,3232,473.0160668738846
46,3233,290.95600138965017
46,3238,1000.8794234565964
46,3252,2183.200708305989
46,3281,411.28067080814327
46,3282,324.1543040886085
46,3225,372.7538640033865
46,3230,232.7182126935307
46,3234,353.6488329272491
46,1145,nan
46,3253,591.9542297095365
46,3257,448.27839802026017
46,4267,355.36405791449016
46,4271,991.4609745203751
46,4217,300.62078250491845
46,2370,205.43030460644408
46,2558,315.3317352211626
46,1348,696.3026005201057
46,1350,160.49147977597644
46,4213,314.81955645372307
46,4214,537.2096136687248
46,6702,276.4998185798232
46,6706,351.24185531117416
46,4594,685.067128169494
46,4595,177.46983385153862
46,1242,285.1243533625884
46,6754,299.7656497446204
46,6755,239.98986699533182
46,4253,119.08393383525643
46,1351,471.6353169388435
24,4014,249.4043183333758
24,3231,187.22561077769817
24,3232,288.49392079591115
24,3233,265.6206708377575
24,3239,173.02934763545076
24,3235,196.70206418904306
24,3236,185.32619777126152
24,4653,353.19307233671935
24,4655,250.94450284248117
24,4656,175.98539086825994
24,4657,315.6567305405685
24,1193,2516.940848596398
24,1195,168.85105405096036
24,1196,191.10094118322215
24,4059,190.97650063342704
24,4062,457.4346226141685
24,4101,158.14151484403638
24,4109,756.1446741078834
24,4115,381.0640209900214
24,4103,377.5379536047446
24,4104,185.07469795327793
24,4112,292.40370027047464
24,4105,252.76519200418736
24,4106,345.9452444356206
24,4107,200.40134533972412
24,4110,478.31548479749034
24,2519,195.69471119257523
24,4116,310.2995141248632
24,1183,104.27338932662103
24,4152,157.96851321944712
24,1303,177.4269514237927
24,4153,187.68296233004926
24,4156,386.8472539986599
24,4157,295.1193573465147
24,4158,402.56996468300594
24,4163,252.4717921104939
24,4159,221.37601325587354
24,4160,199.10435768956222
24,4168,342.9930131851742
24,4169,186.43405379963966
24,4162,231.60473289035136
24,4165,326.2807549747046
24,1099,196.43302540649657
24,1116,216.2159204185687
24,4598,2361.9111186228743
24,4599,265.9334975900069
24,4600,200.51829952118234
24,4601,350.21272510302555
24,4602,271.76292439104213
24,4658,182.63296630535578
24,4659,260.4594163590954
24,3238,436.9524936818882
24,3252,498.5126763094668
24,3281,302.99847788901735
24,3282,217.1973654314605
24,2864,265.4817604831462
24,2866,342.16730531777336
74,1732,nan
74,1743,nan
74,1744,nan
74,1334,nan
74,1328,nan
74,1721,nan
74,1722,nan
74,1083,nan
74,1904,nan
74,1030,nan
74,4267,nan
74,4271,nan
74,4217,nan
74,2370,nan
74,1349,nan
74,1016,nan
74,1024,nan
74,2849,nan
74,2850,nan
7,5059,454.65821970378164
7,5060,180.64085574766264
7,5024,248.71774746036283
7,5025,211.19586516712377
7,5026,190.88971089164826
7,2765,168.95501172982625
7,5027,397.2130416101092
7,5028,280.93416021999735
7,5029,233.6395887389246
7,5056,441.9736951899544
7,5057,47.65147624765742
7,6361,138.71484225981996
7,6314,325.16613377957134
7,5766,178.18335427011357
7,6014,260.63123592576494
7,6311,551.9089674223837
7,6312,249.3264553855762
7,6313,293.3813747114836
7,6352,173.60670591371616
7,6354,193.18485038264228
7,5315,110.5696125814318
7,5064,36.454651559056565
75,6178,183.27089933614732
75,6179,368.8428291077564
75,5466,229.31356528525725
75,5467,231.1982423498752
75,5475,319.45998410791793
75,5469,257.9609540184547
75,5470,194.14348996801945
75,6361,216.07636356526632
75,6314,177.90887432063536
75,5405,263.4815605322565
75,5406,303.42479909929335
75,5404,245.7452342326454
75,5408,334.25154984066165
75,5409,261.7803221526397
75,5010,477.25167058817397
75,5402,431.914032533303
75,5403,307.2080271443619
75,5471,502.4017283500446
75,5472,309.8944688596277
75,6014,250.50007777428002
75,6311,652.0060029082036
75,6312,277.6436046044716
75,6313,401.78934858502527
75,6352,227.86181198253885
75,6354,200.68479932373643
75,1059,193.284921511093
75,6501,587.7899019197971
75,6505,467.92279034252806
75,6504,264.0274766496514
75,6100,947.3371255257547
75,6122,256.9235434824803
75,5400,188.19983572642445
75,6171,201.73954289870036
75,6172,244.7729659292445
75,6552,564.6498610155385
75,6553,471.5962962035075
77,2268,467.23732493963814
77,1703,202.6826440872988
77,1128,233.659619425734
77,3630,187.08280383292822
77,6433,267.14565497723197
77,1729,389.9619521595163
77,1233,110.83045511370365
77,1776,309.67463376007515
77,6432,163.49414474600522
77,3558,122.94727288889699
77,3514,225.46672851974327
77,4351,-97.04714713259708
77,4348,66.96433049147028
77,4355,285.5829705325882
77,1455,317.98227997521207
77,4357,132.93804993209628
77,4358,144.53440216453097
77,4359,246.9135122046867
77,4360,175.5544615370001
77,4362,50.93966469621683
77,4363,243.23351727998187
77,4364,189.23617199579468
77,4365,110.82944349257664
77,4366,154.86629384876656
77,1981,167.2788068959132
77,1983,313.72255733448725
77,1124,128.72679228365595
77,1165,113.19913560467435
77,1906,227.32688181002231
77,1909,204.2400556931338
77,4303,163.79089568146935
77,4304,210.08265743868895
77,4305,218.44876085335528
77,4306,195.11188186467012
77,4307,61.71688842036563
77,4308,496.82447443295115
77,4309,172.93076750270083
77,4310,194.9393434840365
77,4311,218.89769654711625
77,1453,776.7258611285358
77,4313,222.92153176536394
77,4314,268.676470672657
77,4315,203.2059391310258
8,2765,nan
8,6314,nan
8,6109,385.80669255962465
8,6162,nan
8,6078,nan
8,2668,622.4597714314411
8,5155,689.4655510205773
8,5151,266.91912207450673
8,5175,644.2678432979155
8,5158,520.0954340015778
8,5116,nan
8,5123,nan
8,5120,nan
8,5119,nan
8,2603,nan
67,1951,nan
